Order_ID,Material_ID,Item_ID,Source,Destination,Available_Time,Deadline,Danger_Type,Area,Weight
A140109,B-6128,P01-79c46a02-e12f-41c4-9ec9-25e48597ebfe,City_61,City_54,05/04/2022 23:59,11/04/2022 23:59,type_1,38880,30920000
A140110,B-6128,P01-69f2a2b9-39f7-44cb-a3be-a5d8ba434455,City_61,City_54,06/04/2022 23:59,12/04/2022 23:59,type_1,38880,30920000
A140112,B-6128,P01-9046e253-7a1d-4fd2-9c27-c743e9219847,City_61,City_54,07/04/2022 23:59,13/04/2022 23:59,type_1,38880,30920000
A190223,B-6155,nan-4ac2f30e-bc0a-4415-8612-a6b38d833317,City_61,City_53,06/04/2022 23:59,12/04/2022 23:59,type_1,9840,7640000
A190225,B-6155,nan-e7cd8bf3-0459-4e04-94d3-c257eccda828,City_61,City_53,05/04/2022 23:59,11/04/2022 23:59,type_1,9840,7640000
A190226,B-6155,nan-bf546fe7-8f8c-4e16-955c-6205a8b09785,City_61,City_53,07/04/2022 23:59,13/04/2022 23:59,type_1,9840,7640000
A220300,B-6345,P01-5141dfad-2d50-40f6-a375-6ddc1ee531fc,City_61,City_45,06/04/2022 23:59,08/04/2022 23:59,type_1,29520,18050000
A220301,B-6345,P01-2712a3a5-eb89-46a6-a5ae-6490c03bd183,City_61,City_45,06/04/2022 23:59,08/04/2022 11:59,type_1,29520,18050000
A220303,B-6345,P01-ede60027-1da5-433d-a673-2db4f5ff4e0c,City_61,City_45,06/04/2022 23:59,08/04/2022 11:59,type_1,29520,18050000
A220306,B-6345,P01-8fb24572-9b08-4fb3-84f0-2dbe71654425,City_61,City_45,06/04/2022 23:59,08/04/2022 11:59,type_1,29520,18050000
A220308,B-6345,P01-3b65d1b1-46c0-45fb-ab09-36d6a9c0c8a0,City_61,City_45,07/04/2022 23:59,09/04/2022 11:59,type_1,29520,18050000
A220309,B-6345,P01-7b68bf0b-dd0e-41a6-9fd8-1d2483abba01,City_61,City_45,07/04/2022 23:59,09/04/2022 11:59,type_1,29520,18050000
A220310,B-6345,P01-fe4f75a2-d56e-4be2-bf5e-9d84b5ddc80b,City_61,City_45,07/04/2022 23:59,09/04/2022 11:59,type_1,29520,18050000
A220312,B-6345,P01-3ad31897-1291-4136-a617-b688988da604,City_61,City_45,07/04/2022 23:59,09/04/2022 11:59,type_1,29520,18050000
A220313,B-6345,P01-d1a3af7a-7cdf-4883-b29e-6ce04625125d,City_61,City_45,07/04/2022 23:59,09/04/2022 11:59,type_1,29520,18050000
A220318,B-6345,P01-c2345a12-9e0f-4c87-8a65-39eeead22cfb,City_61,City_45,06/04/2022 23:59,08/04/2022 11:59,type_1,29520,18050000
A220319,B-6345,P01-f2fe00bf-859f-4cda-a31a-6367aee84dfd,City_61,City_45,07/04/2022 23:59,09/04/2022 11:59,type_1,29520,18050000
A220321,B-6345,P01-1fa42654-9e22-4f4a-9921-4337353048c7,City_61,City_45,07/04/2022 23:59,09/04/2022 11:59,type_1,29520,18050000
A220492,B-5693,P01-61aabdf1-abc7-4e04-9542-a6bccadac40a,City_61,City_31,07/04/2022 23:59,09/04/2022 23:59,type_1,28800,15480000
A220493,B-5693,P01-bda7f3e9-d4e3-4664-acf2-fea23868c897,City_61,City_31,07/04/2022 23:59,09/04/2022 23:59,type_1,28800,15480000
A220494,B-5693,P01-188acad4-c73e-4f56-bde3-fb4383725072,City_61,City_31,07/04/2022 23:59,09/04/2022 23:59,type_1,28800,15480000
A230151,B-6298,P01-f1386427-7f4b-4288-8845-764cf0f4ee83,City_61,City_19,05/04/2022 23:59,07/04/2022 11:59,type_1,39360,28630000
A230153,B-6298,P01-70d4c91f-65e7-434c-89dc-5653fa3d4dff,City_61,City_19,05/04/2022 23:59,07/04/2022 11:59,type_1,39360,28630000
A230154,B-6298,P01-7de2fed8-7183-4d53-b5a8-390048b2bea5,City_61,City_19,05/04/2022 23:59,07/04/2022 11:59,type_1,39360,28630000
A230155,B-6298,P01-1789fc51-27e4-464d-a6b6-0c9452a24d24,City_61,City_19,05/04/2022 23:59,07/04/2022 11:59,type_1,39360,28630000
A230525,B-6216,P01-9fd79afc-c6c8-42e9-ad22-84265db3231d,City_61,City_19,05/04/2022 23:59,07/04/2022 23:59,type_1,9720,8750000
A230667,B-6243,P01-d92e7067-9f90-4495-9ad6-d97819092775,City_61,City_12,06/04/2022 23:59,09/04/2022 11:59,type_1,38880,25260000
A230668,B-6243,P01-0cc73079-8016-4d91-a603-52b71e864d8b,City_61,City_12,06/04/2022 23:59,09/04/2022 11:59,type_1,38880,25260000
A230669,B-6243,P01-3de0a3c4-5d45-4131-b5d2-aa1edad3e61f,City_61,City_12,06/04/2022 23:59,09/04/2022 11:59,type_1,38880,25260000
A230670,B-6243,P01-0be9a279-161b-43ff-8182-324753829b8c,City_61,City_12,07/04/2022 23:59,10/04/2022 11:59,type_1,38880,25260000
A230675,B-6243,P01-62533f92-c20f-4cf0-bd13-e18d3d3b7b0e,City_61,City_12,07/04/2022 23:59,10/04/2022 23:59,type_1,38880,25260000
A230676,B-6243,P01-a6752adb-29f4-4f6c-a72b-09b78f0bd490,City_61,City_12,07/04/2022 23:59,10/04/2022 23:59,type_1,38880,25260000
A240042,B-6349,P01-270b8ef4-110b-4805-a424-b859e2e3f2c1,City_61,City_31,05/04/2022 23:59,07/04/2022 11:59,type_1,29520,23800000
A240045,B-6379,P01-fcaf2fd8-c09d-4956-86f4-2d53063518e0,City_61,City_51,07/04/2022 23:59,08/04/2022 23:59,type_1,19680,9700000
A240046,B-5137,P01-93127a76-c6dd-4610-9c70-9a995bec88fd,City_61,City_31,07/04/2022 23:59,09/04/2022 23:59,type_1,29160,19850000
A240049,B-6359,P01-5081e668-8dcf-4748-bed0-488e739587a7,City_61,City_51,07/04/2022 23:59,08/04/2022 23:59,type_1,19680,14210000
A240050,B-6373,nan-298b9225-482a-462e-a7f7-bd19fcd58809,City_61,City_51,07/04/2022 23:59,08/04/2022 23:59,type_1,9840,7340000
A240061,B-0384,P01-cc59aeb8-c916-41fe-9a8b-667332d9df14,City_61,City_31,07/04/2022 23:59,09/04/2022 23:59,type_1,9720,10330000
A240281,B-0008,P01-1165b927-0f34-4905-acb5-967292aeb82c,City_61,City_47,07/04/2022 23:59,09/04/2022 11:59,type_1,19440,18420000
A240425,B-6422,P01-6df87c33-07a3-4ea2-99eb-1078063fd593,City_61,City_6,05/04/2022 23:59,09/04/2022 23:59,type_1,29160,20840000
A240426,B-6422,P01-8404f764-61b1-496f-9410-7ca81b957d41,City_61,City_6,06/04/2022 23:59,10/04/2022 23:59,type_1,29160,20840000
A250346,B-6216,P01-fc8d9167-59ca-4c12-ae67-3d48ff5213f3,City_61,City_19,05/04/2022 23:59,07/04/2022 11:59,type_1,9720,8750000
A250401,B-6128,P01-c5166dcb-8e97-484b-b8e5-4afe318e7479,City_61,City_54,06/04/2022 23:59,12/04/2022 23:59,type_1,38880,30920000
A250402,B-6128,P01-1f6aa1c4-0912-4805-adc3-ddccb5a0dfe0,City_61,City_54,07/04/2022 23:59,13/04/2022 23:59,type_1,38880,30920000
A250403,B-6128,P01-e34024ce-da68-4a94-a23c-23fc8c3f3ace,City_61,City_54,07/04/2022 23:59,13/04/2022 23:59,type_1,38880,30920000
A250404,B-6128,P01-84e96364-35d3-4200-afef-2ffdeea3641e,City_61,City_54,07/04/2022 23:59,13/04/2022 23:59,type_1,38880,30920000
A250554,C-0121,P01-6e0d021c-44da-4315-89bc-809ca3185436,City_61,City_48,05/04/2022 23:59,07/04/2022 11:59,type_1,58100,31300000
A250555,C-0121,P01-5814a1a8-f1b8-421b-9284-29581ff59336,City_61,City_48,05/04/2022 12:00,07/04/2022 00:00,type_1,58100,31300000
A250556,C-0121,P01-1b15587a-a651-4e30-a683-b994b9677f6d,City_61,City_48,05/04/2022 16:00,07/04/2022 04:00,type_1,58100,31300000
A250557,C-0121,P01-cf227479-6052-4e21-9076-b62ce38d703d,City_61,City_48,05/04/2022 20:00,07/04/2022 08:00,type_1,58100,31300000
A250558,C-0121,P01-357dfb50-581b-4259-890a-4397d654a7b3,City_61,City_48,06/04/2022 20:00,08/04/2022 08:00,type_1,58100,31300000
A260052,B-6257,P01-6445516d-ad7d-4066-af74-0f234dbafc42,City_61,City_46,06/04/2022 23:59,08/04/2022 11:59,type_1,39360,24030000
A260078,B-6298,P01-e4562f40-df25-4374-8281-bb6f7f539330,City_61,City_19,06/04/2022 23:59,08/04/2022 11:59,type_1,39360,28630000
A260376,C-0017,P01-b382af14-d401-4ffa-90f3-c28cf08cb521,City_61,City_20,06/04/2022 23:59,08/04/2022 23:59,type_1,38880,29480000
A270114,B-6216,P01-9bc5e690-5209-4e22-8320-ec0813a02c9d,City_61,City_19,06/04/2022 23:59,08/04/2022 23:59,type_1,9720,8750000
A260603,F-1AGL,e2b6b4a7-f6c3-4bab-93c9-6cf4ec48693c,City_61,City_55,06/04/2022 23:59,12/04/2022 23:59,type_1,12544,6900000
A260604,F-1AGL,1613ced6-0f04-4fee-8ff5-a3ff232fb43c,City_61,City_55,06/04/2022 23:59,12/04/2022 23:59,type_1,12544,6900000
A260605,F-1AGL,07a48d96-6c61-4407-a639-201d4eeb6dc5,City_61,City_55,07/04/2022 23:59,13/04/2022 23:59,type_1,12544,6900000
A260606,F-1AGL,a1d83df9-bfa5-4a90-9274-8a73cedcf753,City_61,City_55,07/04/2022 23:59,13/04/2022 23:59,type_1,12544,6900000
A260061,M-0028,75729c35-5d96-430e-a899-fc2c0d067171,City_61,City_39,06/04/2022 19:00,07/04/2022 19:00,type_1,12566,12210000
A240107,M-0835,2cb9e1db-9f0a-4712-b6e6-67e0a3ad7d8f,City_61,City_17,05/04/2022 23:59,07/04/2022 11:59,type_1,9600,7400000
A240108,M-0835,67c38f8b-0f05-4b5e-8314-1e48fd93a230,City_61,City_17,07/04/2022 23:59,09/04/2022 11:59,type_1,9600,7400000
A240109,M-0835,a7c297e9-557a-4b00-8f73-df3ad2d63ffe,City_61,City_17,06/04/2022 23:59,08/04/2022 11:59,type_1,9600,7400000
A240110,M-0835,dee08b32-0c0a-430a-8b13-680a9e66501f,City_61,City_17,05/04/2022 23:59,07/04/2022 11:59,type_1,9600,7400000
A240111,M-0835,9514af4c-5367-4380-8d8c-4de4dd437cad,City_61,City_17,07/04/2022 23:59,09/04/2022 11:59,type_1,9600,7400000
A240112,M-0835,c1a2bd50-f199-4b19-9629-d02b66cef8bd,City_61,City_17,06/04/2022 23:59,08/04/2022 11:59,type_1,9600,7400000
A240104,M-1250,1b3dfbe5-91a9-43bd-8747-4eba408c2bbc,City_61,City_5,06/04/2022 23:59,10/04/2022 23:59,type_1,12000,12000000
A080376,F-002L,1fcefb07-d46b-4d2a-a0ef-05b098e94d16,City_61,City_15,05/04/2022 23:59,07/04/2022 23:59,type_1,11881,10000000
A080377,F-002L,52d25887-9e16-48a2-a7ea-c41717f523cd,City_61,City_15,07/04/2022 23:59,09/04/2022 23:59,type_1,11881,10000000
A260582,F-002L,4becc153-2be6-4500-bcb7-21fe93979ce9,City_61,City_27,07/04/2022 23:59,09/04/2022 23:59,type_1,11881,10000000
A260583,F-002L,c0346026-fb88-427b-b32c-9651be42c339,City_61,City_27,07/04/2022 23:59,09/04/2022 23:59,type_1,11881,10000000
A150401,M-0545,9a380df0-15a0-4ad4-b000-8cdd37da1b0f,City_61,City_35,05/04/2022 23:59,08/04/2022 23:59,type_1,12000,11800000
A150402,M-0545,a55f508e-db11-49e0-b6bf-d162c89a92e0,City_61,City_35,06/04/2022 23:59,09/04/2022 23:59,type_1,12000,11800000
A150403,M-0545,2d40e74a-d32a-49d3-bad3-8ac4a0627339,City_61,City_35,07/04/2022 23:59,10/04/2022 23:59,type_1,12000,11800000
A180382,E-1329,4ba4f563-d10e-4629-994a-df402b99993b,City_61,City_44,05/04/2022 19:00,08/04/2022 07:00,type_1,17010,7180000
A180369,E-1399,0fa33174-4952-4087-84a8-4f6aa2f4e390,City_61,City_44,05/04/2022 23:59,08/04/2022 11:59,type_1,17010,7090000
A180370,E-1399,95a6248a-309a-48ab-b76b-e0147415b7df,City_61,City_44,05/04/2022 23:59,08/04/2022 11:59,type_1,17010,7090000
A180371,E-1399,838de220-3068-46df-9ebd-774d23a352c0,City_61,City_44,05/04/2022 23:59,08/04/2022 11:59,type_1,17010,7090000
A230059,E-1251,22ec5e4f-7670-485f-b43d-c5edbe466fcb,City_61,City_34,05/04/2022 19:00,09/04/2022 19:00,type_1,17100,10350000
A230654,F-1AGL,41f6f15a-5e39-4c32-8d80-b1728acaf6d6,City_61,City_55,05/04/2022 23:59,11/04/2022 23:59,type_1,12100,9280000
A230656,F-1AGL,40db269c-9b40-4af9-816b-ce87e1960c3a,City_61,City_55,05/04/2022 23:59,11/04/2022 23:59,type_1,12100,9280000
A230518,C-0335,3e7030aa-1247-48ae-8782-568a376689a5,City_61,City_58,05/04/2022 23:59,09/04/2022 23:59,type_1,33880,23400000
A230519,C-0335,53e22aad-f1fa-4848-b959-ca6e4054343e,City_61,City_58,05/04/2022 23:59,09/04/2022 23:59,type_1,33880,23400000
A240200,C-0335,184f87ef-25a6-48d4-810d-ff78940eab25,City_61,City_58,05/04/2022 23:59,09/04/2022 23:59,type_1,33880,23400000
A240209,C-0335,f418faee-c837-486e-9efb-19fb3df774aa,City_61,City_58,06/04/2022 23:59,10/04/2022 23:59,type_1,33880,23400000
A240210,C-0335,093f6cfc-5397-452a-9b03-402f1cdb4824,City_61,City_58,06/04/2022 23:59,10/04/2022 23:59,type_1,33880,23400000
A260881,F-001L,88044f08-47f2-436f-bf02-4c8ee300dde1,City_61,City_25,07/04/2022 23:59,09/04/2022 23:59,type_1,12100,8150000
A250270,C-0465,e003cb66-5ae0-437d-a631-b26e5c6bfe18,City_61,City_37,05/04/2022 23:59,07/04/2022 11:59,type_1,42000,14000000
A250271,C-0465,1e884928-73b6-4f99-85fd-c806b7176c74,City_61,City_37,05/04/2022 23:59,07/04/2022 11:59,type_1,42000,14000000
A250272,C-0465,1ddb097d-7458-41a4-9e1f-c917a4bd1a46,City_61,City_37,05/04/2022 23:59,07/04/2022 11:59,type_1,42000,14000000
A250273,C-0465,108ab88c-c1d0-402e-a35b-c307c9e21556,City_61,City_37,05/04/2022 23:59,07/04/2022 11:59,type_1,42000,14000000
A250274,C-0465,9739d6c4-dd46-48f2-9130-811a2cdca769,City_61,City_37,05/04/2022 23:59,07/04/2022 11:59,type_1,42000,14000000
A260118,C-0465,15c486ac-dd89-4de2-8816-11126b7f923d,City_61,City_37,06/04/2022 23:59,08/04/2022 11:59,type_1,42000,14000000
A260119,C-0465,acc4eb50-a840-492a-9e6a-cedd6b3298ba,City_61,City_37,06/04/2022 23:59,08/04/2022 11:59,type_1,42000,14000000
A260120,C-0465,4e194c71-63be-41dc-92f9-2ca3ef5d42c9,City_61,City_37,06/04/2022 23:59,08/04/2022 11:59,type_1,42000,14000000
A260121,C-0465,ffd0746d-4358-418c-8ad5-bec5db02b6e4,City_61,City_37,06/04/2022 23:59,08/04/2022 11:59,type_1,42000,14000000
A260122,C-0465,aea2a31c-bcfe-473d-9475-5298a53f50cb,City_61,City_37,06/04/2022 23:59,08/04/2022 11:59,type_1,42000,14000000
A010514,C-0438,e40d64ee-bc36-4e5c-996b-2dcc5e950afe,City_61,City_13,05/04/2022 23:59,09/04/2022 23:59,type_1,30989,20080000
A010515,C-0438,dd37c4f7-ce56-400c-83bb-831024c1d372,City_61,City_13,05/04/2022 23:59,09/04/2022 23:59,type_1,30989,20080000
A010516,C-0438,3e978072-f03d-4778-840d-08fbbda2844e,City_61,City_13,05/04/2022 23:59,09/04/2022 23:59,type_1,30989,20080000
A010517,C-0438,52f48552-ce98-4666-b12b-3a6054e161ad,City_61,City_13,05/04/2022 23:59,09/04/2022 23:59,type_1,30989,20080000
A010518,C-0438,8db4e9db-40d6-4a6f-b390-c8a9d6ed6434,City_61,City_13,05/04/2022 23:59,09/04/2022 23:59,type_1,30989,20080000
A010519,C-0438,1311d65b-29fe-4c42-8547-f77db6716a68,City_61,City_13,05/04/2022 23:59,09/04/2022 23:59,type_1,30989,20080000
A010521,C-0438,dd1d6424-b352-45ed-856e-61d8687f7063,City_61,City_13,06/04/2022 23:59,10/04/2022 23:59,type_1,30989,20080000
A010522,C-0438,ae59d8a5-e807-4ff4-8623-c67d8f0de028,City_61,City_13,06/04/2022 23:59,10/04/2022 23:59,type_1,30989,20080000
A010523,C-0438,e068fc90-d226-465e-a2bd-863f922c32d4,City_61,City_13,06/04/2022 23:59,10/04/2022 23:59,type_1,30989,20080000
A010524,C-0438,a436cbb7-9968-449a-85a3-5146dcd3ade3,City_61,City_13,06/04/2022 23:59,10/04/2022 23:59,type_1,30989,20080000
A010525,C-0438,99976b38-d571-4a3e-9d68-b8ca551f207d,City_61,City_13,06/04/2022 23:59,10/04/2022 23:59,type_1,30989,20080000
A010526,C-0438,2d2818c1-ff23-40d1-8199-ba9d7a683022,City_61,City_13,06/04/2022 23:59,10/04/2022 23:59,type_1,30989,20080000
A010527,C-0438,4de832c3-b93a-4670-927a-dd125b4d83ce,City_61,City_13,07/04/2022 23:59,11/04/2022 23:59,type_1,30989,20080000
A010528,C-0438,23cf55ca-6e72-467f-9f5f-27978a6b3fc6,City_61,City_13,07/04/2022 23:59,11/04/2022 23:59,type_1,30989,20080000
A010529,C-0438,16d26eef-da1f-4a13-901b-ecb5594c79c1,City_61,City_13,07/04/2022 23:59,11/04/2022 23:59,type_1,30989,20080000
A010530,C-0438,7643ac88-a893-4ca8-be2a-fa9aa244c673,City_61,City_13,07/04/2022 23:59,11/04/2022 23:59,type_1,30989,20080000
A010531,C-0438,6a4dd8de-7b9b-4ec9-b03e-f27f6d187548,City_61,City_13,07/04/2022 23:59,11/04/2022 23:59,type_1,30989,20080000
A010532,C-0438,91d968ed-10c2-407d-a921-6d88cad12ab8,City_61,City_13,07/04/2022 23:59,11/04/2022 23:59,type_1,30989,20080000
A230285,C-0438,524973b3-ce49-4a31-94d8-a76f13ede5d8,City_61,City_14,05/04/2022 23:59,09/04/2022 23:59,type_1,30989,20080000
A230287,C-0438,1bbcddc1-0525-411c-9571-377bcd3c756d,City_61,City_14,06/04/2022 23:59,10/04/2022 23:59,type_1,30989,20080000
A230290,C-0438,22a919c8-c4ca-402a-b749-62caff294a53,City_61,City_14,07/04/2022 23:59,11/04/2022 23:59,type_1,30989,20080000
A230642,F-5AHL,21eec477-02ec-4786-86d1-bb60c85df09c,City_61,City_25,07/04/2022 23:59,09/04/2022 23:59,type_1,11881,7000000
A230645,F-5AHL,f2ce4ebd-1ff1-4b48-bd79-69487eec440e,City_61,City_25,06/04/2022 23:59,08/04/2022 23:59,type_1,11881,7000000
A210071,C-0518,d4536480-5bd7-4532-9140-0818b6c45d05,City_61,City_5,05/04/2022 23:59,11/04/2022 23:59,type_1,37400,23700000
A250166,C-0518,95f30ae6-4630-4b34-8012-3654314729d7,City_61,City_5,07/04/2022 23:59,11/04/2022 23:59,type_1,37400,23700000
A190320,C-0288,ed41dfc6-36a4-4de4-8bec-dc2143813f6c,City_61,City_35,05/04/2022 23:59,09/04/2022 23:59,type_1,21735,13068000
A190321,C-0288,d1fc7314-f14a-4336-b0f8-7693682b75ed,City_61,City_35,05/04/2022 23:59,09/04/2022 23:59,type_1,21735,13068000
A190322,C-0288,565c495e-9b46-4dc2-8b28-71379ad72587,City_61,City_35,06/04/2022 23:59,10/04/2022 23:59,type_1,21735,13068000
A190323,C-0288,0ac810b9-b71d-4159-9722-a9778ebf8c8f,City_61,City_35,06/04/2022 23:59,10/04/2022 23:59,type_1,21735,13068000
A190324,C-0288,b264e831-9993-4ac7-812c-577d4d55c718,City_61,City_35,07/04/2022 23:59,11/04/2022 23:59,type_1,21735,13068000
A190325,C-0288,71f27abb-017f-4fab-9169-5fe46395b06e,City_61,City_35,07/04/2022 23:59,11/04/2022 23:59,type_1,21735,13068000
A190334,C-0288,136d7ec1-31bf-43bc-93fe-f07ef445b6a8,City_61,City_35,05/04/2022 23:59,09/04/2022 23:59,type_1,21735,13068000
A190335,C-0288,64125622-3e9c-4f0f-b7d6-564a6b6aa76d,City_61,City_35,05/04/2022 23:59,09/04/2022 23:59,type_1,21735,13068000
A190336,C-0288,ae969017-94ce-405c-8e93-bdb2ab56a21c,City_61,City_35,07/04/2022 23:59,11/04/2022 23:59,type_1,21735,13068000
A190337,C-0288,4071102e-0c51-4859-9b57-e394113d79e0,City_61,City_35,07/04/2022 23:59,11/04/2022 23:59,type_1,21735,13068000
A190338,C-0288,82bd9644-66e9-40af-9039-652b5aa3b032,City_61,City_35,07/04/2022 23:59,11/04/2022 23:59,type_1,21735,13068000
A260584,F-002L,9c494cae-ad9a-419f-9dcd-c44dc656b9b1,City_61,City_27,07/04/2022 23:59,09/04/2022 11:59,type_1,11881,10000000
A230871,F-001L,0bf3dfb6-cc23-4c44-a2df-7578f3426654,City_61,City_4,05/04/2022 23:59,09/04/2022 23:59,type_1,12100,7560000
A230872,F-001L,b30bb9d4-b6f9-408c-8a6a-aee6400d0e5e,City_61,City_4,07/04/2022 23:59,11/04/2022 23:59,type_1,12100,7560000
A260123,C-0465,bc2fbf08-7f70-443b-9c9c-76af22a202b5,City_61,City_37,06/04/2022 23:59,08/04/2022 11:59,type_1,42000,25620000
A220333,E-1328,a3cfef08-1c5b-421f-b5fb-8f1ac2d3e94a,City_61,City_16,06/04/2022 19:00,08/04/2022 19:00,type_1,43605,17210000
A220336,E-1328,cfd90377-9b31-4906-a70f-34a862767a0f,City_61,City_16,06/04/2022 19:00,08/04/2022 19:00,type_1,43605,17210000
A220337,E-1328,ea2d34a5-7f17-4d75-bfb8-af1952238b67,City_61,City_16,06/04/2022 19:00,08/04/2022 19:00,type_1,43605,17210000
A220338,E-1328,b4299f5e-7ce5-4d0c-9228-b7ca42bc9c10,City_61,City_16,06/04/2022 19:00,08/04/2022 19:00,type_1,43605,17210000
A220341,E-1328,35c2e752-b6a2-44c0-96e2-ac1f86974002,City_61,City_16,07/04/2022 19:00,09/04/2022 19:00,type_1,43605,17210000
A220342,E-1328,a8b59a45-7a4f-46fc-9529-5a7cd534df3d,City_61,City_16,07/04/2022 19:00,09/04/2022 19:00,type_1,43605,17210000
A220343,E-1328,b39d7193-5419-4f92-b32e-cc4ba9eda0d1,City_61,City_16,07/04/2022 19:00,09/04/2022 19:00,type_1,43605,17210000
A220344,E-1328,9f6f5f78-bd53-43ec-82a7-8a59af79a20b,City_61,City_16,07/04/2022 19:00,09/04/2022 19:00,type_1,43605,17210000
A220345,E-1328,74ce085c-d623-43ff-b7c2-2cdbb4829e2f,City_61,City_16,07/04/2022 19:00,09/04/2022 19:00,type_1,43605,17210000
A220347,E-0838,70b1e7e0-46ff-44ee-9e72-949176a4028e,City_61,City_28,05/04/2022 19:00,07/04/2022 19:00,type_1,43605,17210000
A220348,E-0838,7e1b7260-3981-40e2-b24c-3f2fea3f8b80,City_61,City_28,05/04/2022 19:00,07/04/2022 19:00,type_1,43605,17210000
A220349,E-0838,c397fa2c-4efa-4176-b71b-ea069dd4eaf2,City_61,City_28,05/04/2022 19:00,07/04/2022 19:00,type_1,43605,17210000
A220351,E-0838,90822056-f760-474a-a663-747aa21e798e,City_61,City_28,05/04/2022 19:00,07/04/2022 19:00,type_1,43605,17210000
A220355,E-0838,68fa48b6-059b-40aa-9f71-341384573239,City_61,City_28,06/04/2022 19:00,08/04/2022 07:00,type_1,43605,17210000
A220356,E-0838,82a9d65e-a4f9-4f21-9daa-afc5ea572e1a,City_61,City_28,06/04/2022 19:00,08/04/2022 07:00,type_1,43605,17210000
A220357,E-0838,7d9291d9-1baf-4c56-aa24-5f5ad9dd500a,City_61,City_28,06/04/2022 19:00,08/04/2022 07:00,type_1,43605,17210000
A220359,E-0838,75b81d0d-9e47-4461-8959-730a40f5a3d8,City_61,City_28,06/04/2022 19:00,08/04/2022 07:00,type_1,43605,17210000
A220360,E-0838,1722f804-c34b-4a92-bfc2-1953db93e73f,City_61,City_28,06/04/2022 19:00,08/04/2022 07:00,type_1,43605,17210000
A210340,C-0327,1a02350e-84c8-4be1-82b3-f9b14c57c5e4,City_61,City_57,05/04/2022 23:59,08/04/2022 23:59,type_1,26600,14000000
A210341,C-0327,26ce1ff9-90c4-40de-9c72-4366972e4f33,City_61,City_57,05/04/2022 23:59,08/04/2022 23:59,type_1,26600,14000000
A210342,C-0327,f66c0ed5-034e-43e3-b850-018315ce6a90,City_61,City_57,05/04/2022 23:59,08/04/2022 23:59,type_1,26600,14000000
A210343,C-0327,f76ace80-a1af-44fe-bc9e-b0d8112ee7e9,City_61,City_57,06/04/2022 23:59,09/04/2022 23:59,type_1,26600,14000000
A210344,C-0327,7d07a4d2-f289-480d-b98f-e2c9254e02be,City_61,City_57,06/04/2022 23:59,09/04/2022 23:59,type_1,26600,14000000
A210072,C-0518,7cf979e8-138d-43a0-9024-24c585de7995,City_61,City_5,06/04/2022 23:59,12/04/2022 23:59,type_1,37400,23700000
A270200,F-5AGL,ccdcb0ff-c306-4237-a3aa-274935892bf8,City_61,City_55,07/04/2022 23:59,13/04/2022 23:59,type_1,11881,4750000
A270201,F-5AGL,5bae6c1a-c6db-47d1-8f8b-3fa1d0f5f7d9,City_61,City_55,07/04/2022 23:59,13/04/2022 23:59,type_1,11881,4750000
A250581,M-0939,422fa5de-9fea-4933-a1e6-d4cdf11b9c7e,City_61,City_38,05/04/2022 23:59,07/04/2022 11:59,type_1,11040,5900000
A240260,Y-02CL,369411da-3437-4641-8bf0-f4d8fc028132,City_61,City_7,06/04/2022 23:59,11/04/2022 11:59,type_2,12100,13600000
A250580,M-0938,a11310d1-0dc5-46f6-a9eb-4795968deafd,City_61,City_38,05/04/2022 23:59,07/04/2022 11:59,type_1,11040,5760000
A250212,E-0864,94397dd4-546a-47d1-b5d9-70abd3019f98,City_61,City_36,07/04/2022 23:59,10/04/2022 11:59,type_1,9720,8750000
A230060,E-1251,e2487113-73ac-48bc-aeb2-4021448dc6cd,City_61,City_34,06/04/2022 19:00,10/04/2022 19:00,type_1,17100,10350000
A250468,F-003L,e4b64eb5-6faf-4b4f-87ab-6a6bfad80567,City_61,City_25,05/04/2022 23:59,07/04/2022 23:59,type_1,12100,5610000
A220350,E-0838,9688f122-fea1-4d58-9731-49065cfb776a,City_61,City_28,05/04/2022 19:00,07/04/2022 19:00,type_1,43605,22500000
A250145,E-1047,a18bcc48-8bb9-4afc-9422-ab66050df9aa,City_61,City_32,07/04/2022 23:59,08/04/2022 23:59,type_1,9720,5000000
A260435,Y-010L,800cf0a4-d3c8-4faa-85a7-050b6a07b6d5,City_61,City_18,06/04/2022 23:59,08/04/2022 23:59,non_danger,18200,14870000
A230657,M-0361,31ca2a46-9488-40e6-82ea-8e53cd17b86e,City_61,City_49,06/04/2022 23:59,07/04/2022 00:59,type_1,12221,10900000
A230658,M-0361,6dec6c4a-ae9c-4745-a2e0-bf7ac351af88,City_61,City_49,07/04/2022 23:59,08/04/2022 00:59,type_1,12221,10900000
A230666,M-0361,8e2e9d1b-73e3-494e-938a-05e1c68f857b,City_61,City_49,07/04/2022 23:59,08/04/2022 00:59,type_1,12221,10900000
A270026,C-0465,a4047010-d4be-406d-896a-2b385c81a7da,City_61,City_37,07/04/2022 23:59,09/04/2022 11:59,type_1,42000,14000000
A270027,C-0465,5de65c25-25b8-4a36-90fb-975277df4b33,City_61,City_37,07/04/2022 23:59,09/04/2022 11:59,type_1,42000,14000000
A270028,C-0465,72761bd1-d935-4a1e-96e7-03b86d2a69f6,City_61,City_37,07/04/2022 23:59,09/04/2022 11:59,type_1,42000,14000000
A270029,C-0465,63447cab-08c1-4bf5-b036-520bdb9cb0bb,City_61,City_37,07/04/2022 23:59,09/04/2022 11:59,type_1,42000,14000000
A270030,C-0465,fc12811c-7410-4ce1-b192-d751fd1c9de4,City_61,City_37,07/04/2022 23:59,09/04/2022 11:59,type_1,42000,14000000
A270031,C-0465,5694a6b7-d9a8-4744-b8ea-0924e6915616,City_61,City_37,07/04/2022 23:59,09/04/2022 11:59,type_1,42000,14000000
A270032,C-0465,595fac0f-4248-4030-9329-b98c6144a660,City_61,City_37,07/04/2022 23:59,09/04/2022 11:59,type_1,42000,14000000
A270033,C-0465,378ff4db-fde4-4cf3-b06c-8d1816eee176,City_61,City_37,07/04/2022 23:59,09/04/2022 11:59,type_1,42000,14000000
A270034,C-0465,e0a09ccb-7430-416a-bd42-48b630726cd0,City_61,City_37,07/04/2022 23:59,09/04/2022 11:59,type_1,42000,14000000
A240242,Y-02CL,8d4955b7-cf39-4efc-899c-8025d2c66ff5,City_61,City_7,05/04/2022 23:59,10/04/2022 11:59,type_2,12100,13600000
A240256,Y-02CL,13fd45d7-7ac1-4b18-b607-e70185076534,City_61,City_7,05/04/2022 23:59,10/04/2022 11:59,type_2,12100,13600000
A240264,Y-02CL,36c45c91-d9e2-40b8-ac7c-ffbdef2b8009,City_61,City_7,06/04/2022 23:59,11/04/2022 11:59,type_2,12100,13600000
A240205,C-0335,9b0e5803-3009-4723-921d-f94a0b889aa8,City_61,City_58,06/04/2022 23:59,10/04/2022 23:59,type_1,33880,23400000
A270186,Y-010L,62341a7f-e83e-44bc-85e3-6d8b3714c45e,City_61,City_18,07/04/2022 23:59,09/04/2022 23:59,non_danger,18200,14870000
A220346,E-1328,6572b1ae-e12d-4f44-a9d0-4c531a627cd6,City_61,City_16,07/04/2022 19:00,10/04/2022 07:00,type_1,43605,17210000
A270011,E-1328,96e64655-440d-47ab-9201-3accac97e90f,City_61,City_16,06/04/2022 19:00,08/04/2022 19:00,type_1,43605,17210000
A250582,E-0088,71db7923-3f9d-4c97-96bc-999f35741b18,City_61,City_58,06/04/2022 20:00,10/04/2022 20:00,type_1,9720,5680000
A250583,E-0088,4fb5427c-6e0d-420e-ac7d-d01831bb43ed,City_61,City_58,06/04/2022 12:00,09/04/2022 12:00,type_1,9720,5680000
A250588,E-0088,48b6f8e4-3485-4e17-ad74-2781b061dd8b,City_61,City_58,07/04/2022 23:59,10/04/2022 23:59,type_1,9720,5680000
A180380,E-1329,3633f56e-e3b9-4dd9-aeac-973439fc6f5c,City_61,City_44,05/04/2022 19:00,08/04/2022 19:00,type_1,17010,7180000
A260377,Y-002L,8fc124c8-66ac-4a2f-b79a-892f996ae11d,City_61,City_18,06/04/2022 23:59,08/04/2022 23:59,non_danger,8362,5130000
A280104,M-0361,8082d5f6-24e9-4132-bc02-408fe6125030,City_61,City_49,07/04/2022 23:59,08/04/2022 00:59,type_1,12221,10900000
A210345,C-0327,eb749aea-13e8-49d1-9a74-d82efac24c6f,City_61,City_57,07/04/2022 23:59,10/04/2022 23:59,type_1,26600,14000000
A260922,E-0737,57d4c03e-4b04-492c-ad46-3daed8b92a70,City_61,City_52,07/04/2022 23:59,10/04/2022 23:59,type_1,9720,8160000
A260923,E-0737,71f7c7ab-dc17-4b12-a768-b57bce0629e6,City_61,City_52,07/04/2022 16:00,10/04/2022 16:00,type_1,9720,8160000
A260924,E-0737,66f115b6-6909-419a-82c5-8493b0f1ad6f,City_61,City_52,07/04/2022 16:00,10/04/2022 16:00,type_1,9720,8160000
A230515,C-0335,04915993-3e79-4276-ae55-a182c5d4e9d4,City_61,City_58,05/04/2022 23:59,09/04/2022 23:59,type_1,37950,5350000
A230516,C-0335,91f6895e-b6c2-4cd8-9f61-c7b6a0e8a3b6,City_61,City_58,05/04/2022 23:59,09/04/2022 23:59,type_1,37950,5350000
A230517,C-0335,459095b5-507a-42fd-b084-2429824bd148,City_61,City_58,05/04/2022 23:59,09/04/2022 23:59,type_1,37950,5350000
A230520,C-0335,c9b40792-80a6-4d72-b96b-677ab39442ff,City_61,City_58,05/04/2022 23:59,09/04/2022 23:59,type_1,37950,5350000
A230522,C-0335,b34527e3-6f07-4237-a1e9-813ffa7f244f,City_61,City_58,05/04/2022 23:59,09/04/2022 23:59,type_1,37950,5350000
A240201,C-0335,3d808ffb-a4dc-46e4-9bf6-64683b5f9724,City_61,City_58,05/04/2022 23:59,09/04/2022 23:59,type_1,37950,10700000
A240202,C-0335,e630999b-2b53-4cf2-b9f6-24e41937f50a,City_61,City_58,05/04/2022 23:59,09/04/2022 23:59,type_1,37950,10700000
A240203,C-0335,6d9531c2-9ad0-453f-b886-23248e326bd8,City_61,City_58,05/04/2022 23:59,09/04/2022 23:59,type_1,37950,10700000
A240207,C-0335,02cd1e1c-e20e-460e-9cf9-e50e5ef05814,City_61,City_58,06/04/2022 23:59,10/04/2022 23:59,type_1,37950,10700000
A240208,C-0335,a6f34e05-93bb-4bf8-9259-4d3346fc97dd,City_61,City_58,06/04/2022 23:59,10/04/2022 23:59,type_1,37950,10700000
A240217,C-0335,72fb12bd-0eb0-47ec-9d95-40177366eb10,City_61,City_58,06/04/2022 23:59,10/04/2022 23:59,type_1,37950,10700000
A240227,C-0335,8440b618-f907-46e2-baad-77f827a60e6d,City_61,City_58,07/04/2022 23:59,11/04/2022 23:59,type_1,37950,10700000
A240228,C-0335,f6b2167c-6757-4ede-bdc0-3522b73f6030,City_61,City_58,07/04/2022 23:59,11/04/2022 23:59,type_1,37950,10700000
A240229,C-0335,c600df81-af36-4b3e-9f21-4ef3d9dd5f0e,City_61,City_58,07/04/2022 23:59,11/04/2022 23:59,type_1,37950,10700000
A240230,C-0335,2ada4e67-f64b-4636-803d-fbdb39198c4d,City_61,City_58,07/04/2022 23:59,11/04/2022 23:59,type_1,37950,10700000
A240231,C-0335,94b9c8ed-525e-4469-8755-23832fe44699,City_61,City_58,07/04/2022 23:59,11/04/2022 23:59,type_1,37950,10700000
A240232,C-0335,fdf892dd-2824-49c7-94fc-d698471f6b09,City_61,City_58,07/04/2022 23:59,11/04/2022 23:59,type_1,37950,10700000
A250122,Y-003L,6257d149-f91f-4739-a69d-113a7a95a347,City_61,City_50,05/04/2022 23:59,06/04/2022 09:59,non_danger,8588,5230000
A240519,E-1044,5c2614c5-ace9-4449-93dc-bd4b59cb9847,City_61,City_10,05/04/2022 23:59,08/04/2022 11:59,type_1,19090,10680000
A260004,E-1116,faefe810-2887-404f-9861-a1e7ed4c5802,City_61,City_3,06/04/2022 08:00,11/04/2022 08:00,type_1,18630,10660000
A260005,E-1116,d4a31a94-2e34-4261-bed8-175238fab730,City_61,City_3,06/04/2022 12:00,11/04/2022 12:00,type_1,18630,10660000
A260006,E-1116,a8eda8ea-81f3-44d9-b782-7b7b571bc7e7,City_61,City_3,06/04/2022 20:00,11/04/2022 20:00,type_1,18630,10660000
A260007,E-1116,170a022c-ea34-49ab-a156-4d73962287b8,City_61,City_3,07/04/2022 20:00,12/04/2022 20:00,type_1,18630,10660000
A250599,E-0767,eef9ae81-303c-4454-9dc4-ad434e577de9,City_61,City_26,05/04/2022 23:59,08/04/2022 23:59,type_1,18630,10460000
A250600,E-0767,79a2edce-2c04-49a5-b579-c9cc126def57,City_61,City_26,05/04/2022 23:59,08/04/2022 23:59,type_1,18630,10460000
A260900,E-1501,7f2074de-9f86-4ae1-9d47-80692e79526b,City_61,City_8,07/04/2022 23:59,09/04/2022 11:59,type_1,9720,7830000
A250120,Y-002L,3846f1a7-21db-4e0b-aec4-d0336c154a58,City_61,City_18,05/04/2022 23:59,07/04/2022 23:59,non_danger,8362,5130000
A230653,M-0361,c599f511-985b-470b-b558-be43c89f7720,City_61,City_49,05/04/2022 23:59,06/04/2022 00:59,type_1,16872,7750000
A230655,M-0361,4456e36e-75fa-43c2-8432-70ee4316bdd1,City_61,City_49,05/04/2022 23:59,06/04/2022 00:59,type_1,16872,7750000
A250608,E-1515,9d9d339c-421e-4d4d-a3d4-ee9e37c6ee6f,City_61,City_26,06/04/2022 08:00,09/04/2022 08:00,type_1,20059,10257000
A250609,E-1515,dbe6bb72-2cde-474f-ab99-4e00e58f32a4,City_61,City_26,06/04/2022 12:00,09/04/2022 12:00,type_1,20059,10257000
A250610,E-1515,72db2b5b-1d56-4bd7-93e0-11eb31d01af7,City_61,City_26,06/04/2022 16:00,09/04/2022 16:00,type_1,20059,10257000
A250611,E-1515,4fa5a66b-beac-4e47-98bb-1ebe456804a4,City_61,City_26,06/04/2022 20:00,09/04/2022 20:00,type_1,20059,10257000
A250615,E-1515,420c51b2-3adb-45a3-b0a9-3cb085b58b05,City_61,City_26,07/04/2022 12:00,10/04/2022 12:00,type_1,20059,10257000
A250589,E-0088,e5b78527-929b-469c-8a7f-dcd434b1d9d1,City_61,City_58,07/04/2022 16:00,11/04/2022 16:00,type_1,9720,5680000
A260136,E-0838,d8db0164-8e6f-4a04-a0a1-2a9c11cfafc6,City_61,City_28,05/04/2022 16:00,07/04/2022 16:00,type_1,43605,22500000
A240518,E-1044,dc0bd2f3-3cd5-4dee-86ae-f298dfa7814c,City_61,City_10,05/04/2022 23:59,08/04/2022 11:59,type_1,19090,10680000
A240520,E-1044,9bc02d27-aad3-4181-a629-3630d77729df,City_61,City_10,05/04/2022 23:59,08/04/2022 11:59,type_1,19090,10680000
A250597,E-0767,3ab0b3dd-5226-4265-afd1-d4d2033afbf5,City_61,City_26,05/04/2022 23:59,08/04/2022 23:59,type_1,18630,10460000
A260568,E-1330,a778972c-f3d3-4174-8f25-56af852b29cb,City_61,City_21,07/04/2022 23:59,10/04/2022 11:59,type_1,9840,6960000
A260114,Y-002L,47284326-97ee-4a4a-a189-2d1f878334c8,City_61,City_18,07/04/2022 23:59,09/04/2022 23:59,non_danger,8362,5130000
A270056,C-0513,80efb95e-942c-4bb5-b37d-4b40f1dc58c6,City_61,City_30,07/04/2022 23:59,09/04/2022 11:59,type_1,28875,21600000
A230521,C-0335,d83c6087-6bf1-40a7-b5e2-1d3f40495721,City_61,City_58,05/04/2022 23:59,09/04/2022 23:59,type_1,37950,10700000
A190598,E-1522,62e970c7-7a46-4f16-8109-cd8be750175a,City_61,City_20,06/04/2022 23:59,08/04/2022 23:59,type_1,9720,7890000
A260111,Y-001L,10c647a8-a98f-4ca9-a6ef-408eaac04be7,City_61,City_18,07/04/2022 23:59,09/04/2022 23:59,non_danger,8362,5130000
A260003,E-1116,bc3ef092-8710-49ea-aa0e-b78981e59a44,City_61,City_3,06/04/2022 23:59,11/04/2022 23:59,type_1,18630,10660000
A260008,E-1116,ea7d7571-6b92-4645-af13-f9f4a2211399,City_61,City_3,07/04/2022 20:00,12/04/2022 20:00,type_1,18630,10660000
A260065,M-0028,1c25042d-b9be-4782-ac6a-efaa840bacc7,City_61,City_39,06/04/2022 19:00,08/04/2022 07:00,type_1,12566,12210000
A260899,E-1501,6618fbb8-f7b2-4dc9-bdaf-2c9aba88e204,City_61,City_8,07/04/2022 23:59,09/04/2022 11:59,type_1,9720,7830000
A270115,Y-004L,42a141ea-305c-4eb9-9be4-1f68e6f0cc8e,City_61,City_50,06/04/2022 23:59,07/04/2022 09:59,non_danger,13560,7830000
A220363,E-0838,961a7178-0700-45a7-bbfd-5c7503e909af,City_61,City_28,06/04/2022 19:00,08/04/2022 07:00,type_1,43605,17210000
A250579,E-0088,fe3fcffb-c4b3-4685-ae8e-30eab4d3d5d9,City_61,City_58,06/04/2022 23:59,10/04/2022 23:59,type_1,9720,5680000
A260108,M-1009,1c676e46-86e0-4249-b5b7-6184c7d8a261,City_61,City_0,06/04/2022 23:00,08/04/2022 11:00,type_1,37392,30200000
A250056,M-1127,b973f7b4-9ba5-417d-8705-13e56a24666e,City_61,City_1,05/04/2022 23:00,07/04/2022 11:00,type_1,37392,29400000
A260917,E-0737,a54ff3af-fdc6-4a2f-9757-a2c9de7141c3,City_61,City_52,07/04/2022 23:59,11/04/2022 23:59,type_1,9720,8160000
A220332,E-0930,603f9c50-c2f5-4ef6-8d00-f155ffa96106,City_61,City_43,05/04/2022 23:59,08/04/2022 11:59,type_1,9720,5380000
A220335,E-0930,c3c6ba55-677a-4d07-aa21-e8618dd7ec6c,City_61,City_43,05/04/2022 23:59,08/04/2022 11:59,type_1,9720,5380000
A220339,E-0930,a91b6799-64e7-48e8-9d37-9239ffdf1543,City_61,City_43,05/04/2022 23:59,08/04/2022 11:59,type_1,9720,5380000
A230523,C-0335,bdca2c6a-0a77-4635-a97a-eb12d33c5d26,City_61,City_58,05/04/2022 23:59,09/04/2022 23:59,type_1,37950,10700000
A260375,Y-001L,f9e46305-03c3-4330-be9c-c674f94818c5,City_61,City_18,06/04/2022 23:59,08/04/2022 23:59,non_danger,8362,5130000
A260389,C-0040,c689631d-9950-4f82-bed9-c6085a0fce22,City_61,City_56,05/04/2022 23:59,09/04/2022 23:59,type_1,40250,25200000
A250196,X-7078,4a4b3bd5-b73c-404c-aee8-d8375c97a8ce,City_61,City_12,06/04/2022 23:59,09/04/2022 23:59,non_danger,12100,2132000
A220334,E-1328,648c8538-e64a-4eb6-84a6-6018ba993f63,City_61,City_16,06/04/2022 19:00,08/04/2022 19:00,type_1,43605,17210000
A250606,E-1515,4c96dac2-6731-4d12-b2e6-1cd705b3b5ea,City_61,City_26,06/04/2022 08:00,09/04/2022 08:00,type_1,20059,10257000
A250612,E-1515,161fe0a2-e8d1-4ff7-bf6d-7cbbc08ac475,City_61,City_26,07/04/2022 23:59,10/04/2022 23:59,type_1,20059,10257000
A250585,E-0088,06ecd8b2-29ec-4a45-ad15-abf43af60849,City_61,City_58,06/04/2022 16:00,10/04/2022 16:00,type_1,9720,5680000
A250119,Y-001L,9d71a723-e9a2-411c-840c-5fb90450715e,City_61,City_18,05/04/2022 23:59,07/04/2022 23:59,non_danger,8362,5130000
A270217,Y-001L,0bc8cf14-b6b9-446c-8878-75f43d5f5e70,City_61,City_60,07/04/2022 23:59,12/04/2022 11:59,non_danger,12100,3000000
A270147,C-0518,1a94cde6-8bf7-4d17-8d11-369401ccc0da,City_61,City_5,06/04/2022 23:59,12/04/2022 23:59,type_1,37400,23700000
A260901,E-1501,9f97fde8-add4-441f-b029-2ee6e414211d,City_61,City_8,07/04/2022 23:59,09/04/2022 11:59,type_1,9720,7830000
A260902,E-1501,7f78518e-e673-47f9-bd95-a24827e40869,City_61,City_8,07/04/2022 23:59,09/04/2022 11:59,type_1,9720,7830000
A090281,E-1071,92abc568-7b61-4bad-a4bd-a47890ecc404,City_61,City_33,07/04/2022 13:59,08/04/2022 13:59,type_1,97200,5140000
A250121,Y-001L,159b4e4b-f485-4972-814a-d7406cfa8877,City_61,City_50,05/04/2022 23:59,06/04/2022 09:59,non_danger,13560,7830000
A240218,C-0335,078bbd90-daed-424b-9218-d04e7f1c5d46,City_61,City_58,07/04/2022 23:59,10/04/2022 23:59,type_1,37950,10700000
A240219,C-0335,27ec6a36-3a1a-4289-a8e3-23183d7fbbba,City_61,City_58,06/04/2022 23:59,10/04/2022 23:59,type_1,37950,10700000
A250601,E-0767,aaa1738a-0ee3-4898-af64-0b5c80d82592,City_61,City_26,06/04/2022 23:59,09/04/2022 23:59,type_1,18630,10460000
A260117,E-0640,f37c383d-31fe-41da-8f8e-62addfe5e759,City_61,City_41,07/04/2022 19:00,10/04/2022 19:00,type_1,16900,10440000
A250587,E-0088,e67a84f7-620d-463c-9659-f817416bed54,City_61,City_58,06/04/2022 23:59,10/04/2022 23:59,type_1,9720,5680000
A240477,E-1275,522a7b03-a265-4116-8501-8e2cb0cfe89f,City_61,City_59,05/04/2022 23:59,08/04/2022 23:59,type_1,9840,7200000
A250228,E-1399,04e50e30-5a33-4adb-9941-4d7292c15bc0,City_61,City_44,05/04/2022 19:00,08/04/2022 19:00,type_1,17010,7090000
A220088,E-1289,9fc0ca15-7a70-49df-bdb3-940a1228fead,City_61,City_36,06/04/2022 19:00,09/04/2022 07:00,type_1,13650,10365000
A250595,E-0994,ba5cdf8d-283f-4345-8f36-0a2bf973d0bc,City_61,City_48,06/04/2022 23:59,08/04/2022 11:59,type_1,18873,10662000
A240434,X-7256,0f7bc27b-1baa-48c8-a974-f8a852f6129b,City_61,City_2,06/04/2022 23:59,08/04/2022 11:59,non_danger,12100,1527000
A250197,X-7078,fe2265e8-6424-418c-8f5a-6bcdba122fcd,City_61,City_12,07/04/2022 23:59,10/04/2022 23:59,non_danger,12100,2132000
A260887,E-1702,30876e86-0791-42ea-b5f9-b5fc2b3289cb,City_61,City_23,07/04/2022 23:59,09/04/2022 23:59,type_1,18630,15020000
A260916,X-5200,fe45af23-d5f0-4318-a474-c0ebe4793805,City_61,City_52,07/04/2022 23:59,11/04/2022 23:59,non_danger,12100,3420000
A260382,C-0040,d6db55f0-d677-4b86-93bc-d1c73423f0d1,City_61,City_56,05/04/2022 23:59,09/04/2022 23:59,type_1,40250,25200000
A260744,C-0436,13716a14-1cdd-4723-ad98-7c841ada3ae4,City_61,City_42,06/04/2022 23:59,08/04/2022 23:59,type_1,44800,23910000
A260745,C-0436,972d6274-905f-46d9-98f5-34d0350c723a,City_61,City_42,06/04/2022 23:59,08/04/2022 23:59,type_1,44800,23910000
A240206,C-0335,9796e8cc-7358-4fd3-9acc-c6fc352c0d8b,City_61,City_58,05/04/2022 23:59,09/04/2022 23:59,type_1,33880,23400000
A090427,S-0359,18efdb15-b486-4797-bb4a-97a7762e476b,City_61,City_24,07/04/2022 23:59,09/04/2022 11:59,type_1,13650,22000000
A090428,S-0359,d4037cc6-fda1-4e0a-aac8-5c11143b0fbc,City_61,City_24,07/04/2022 23:59,09/04/2022 11:59,type_1,13650,22000000
A090429,S-0359,885623ac-7ad9-4534-900f-7368ad693956,City_61,City_24,07/04/2022 23:59,09/04/2022 11:59,type_1,13650,22000000
A090440,S-0359,884d91bb-1c82-4e29-ac75-78eb6ab61a1c,City_61,City_24,07/04/2022 23:59,09/04/2022 11:59,type_1,13650,22000000
A260569,E-1330,724d24fd-0495-48b1-a98f-60080e08c635,City_61,City_21,07/04/2022 23:59,10/04/2022 11:59,type_1,9840,6960000
A250464,C-0438,b3d71e85-76ce-4a12-8516-673104f2b937,City_61,City_14,05/04/2022 23:59,09/04/2022 23:59,type_1,30989,20080000
A250465,C-0438,2bcbc5ed-49da-4011-aa51-afe7031f90b9,City_61,City_14,05/04/2022 23:59,09/04/2022 23:59,type_1,30989,20080000
A090421,S-0359,4f081850-7539-444d-8892-ec0fabe619ed,City_61,City_24,05/04/2022 23:59,07/04/2022 11:59,type_1,10800,17530000
A090422,S-0359,38f8f631-0837-4b49-a301-bb876f4c2743,City_61,City_24,05/04/2022 23:59,07/04/2022 11:59,type_1,10800,17530000
A090423,S-0359,4bcf8c88-7099-4ac3-a0f3-b44b2d79d30f,City_61,City_24,05/04/2022 23:59,07/04/2022 11:59,type_1,10800,17530000
A090424,S-0359,349d4a55-26d1-4161-b3a3-f35af94a5390,City_61,City_24,06/04/2022 23:59,08/04/2022 11:59,type_1,10800,17530000
A090425,S-0359,4e3e0587-1952-4750-aebf-27cd61807cc8,City_61,City_24,06/04/2022 23:59,08/04/2022 11:59,type_1,10800,17530000
A090426,S-0359,d418ae8c-6b74-4d73-9783-2b43e72831be,City_61,City_24,06/04/2022 23:59,08/04/2022 11:59,type_1,10800,17530000
A220352,E-0838,a37c726a-7e8a-45d5-99eb-87184ef66a1f,City_61,City_28,06/04/2022 19:00,08/04/2022 07:00,type_1,43605,17210000
A280103,M-0361,1b1304a9-a84c-4e0c-ac37-915c1c4e24d2,City_61,City_49,07/04/2022 23:59,08/04/2022 00:59,type_1,16872,7750000
A260570,E-0831,2fc6c55d-a1ee-427f-8a6a-d4cb277d034b,City_61,City_21,07/04/2022 23:59,10/04/2022 11:59,type_1,9720,6960000
A270049,C-0046,2d21232f-0e46-4fd8-bc44-aa413e3aa6c7,City_61,City_35,07/04/2022 23:59,10/04/2022 23:59,type_1,24500,13800000
A260750,C-0551,05793cab-de11-4c3c-b7a2-c585dcc3151d,City_61,City_42,06/04/2022 23:59,08/04/2022 23:59,type_1,28130,13690000
A240328,E-1224,35e1f7dd-3bc7-47d6-b84b-85f23382fb2f,City_61,City_9,06/04/2022 23:59,10/04/2022 23:59,type_1,9720,6020000
A250584,E-0088,246f3d21-c08e-486f-a208-d16bdee4e17d,City_61,City_58,06/04/2022 16:00,10/04/2022 16:00,type_1,9720,5680000
A250564,E-1637,6229781b-c96f-457c-80a4-54cfcc520b57,City_61,City_40,07/04/2022 23:59,10/04/2022 23:59,type_1,20059,10720000
A260898,X-5605,fb548743-95d6-4341-a80c-72affac14777,City_61,City_8,07/04/2022 23:59,09/04/2022 11:59,non_danger,12100,2568000
A260324,E-1419,34627f3a-4f48-4ef9-bf73-4a37118796c9,City_61,City_29,06/04/2022 19:00,08/04/2022 07:00,type_1,14784,9240000
A250575,X-6770,79f0cc09-86ff-4b40-ad77-8fcb13eba4b6,City_61,City_58,06/04/2022 23:59,10/04/2022 23:59,non_danger,12100,1690000
A250221,E-1694,8d220bd8-59e3-4993-8999-02afd90f76c9,City_61,City_11,06/04/2022 23:59,10/04/2022 23:59,type_1,14175,4260000
A260125,Y-001L,ee0eefa7-fd58-498a-94b3-3036ec5f9138,City_61,City_50,06/04/2022 23:59,07/04/2022 09:59,non_danger,13560,7830000
A260239,Y-004L,548d91cb-a398-4c59-a5f0-194ffbd01243,City_61,City_50,05/04/2022 23:59,06/04/2022 09:59,non_danger,13560,6800000
A260002,X-3575,5038965f-47d7-491d-86f7-34dcb3de40d2,City_61,City_3,06/04/2022 23:59,11/04/2022 23:59,non_danger,11016,1685000
A250553,X-6206,fcc66847-f032-46d2-ad36-84e9e11efad6,City_61,City_48,06/04/2022 23:59,08/04/2022 11:59,non_danger,11016,3370000
A260370,X-2117,66a0e55d-5f15-4cab-8a3a-bd726799e269,City_61,City_22,05/04/2022 23:59,07/04/2022 11:59,non_danger,9900,1620000
A160130,E-0893,45478608-ff3a-444b-abdf-7094b265d341,City_61,City_44,07/04/2022 19:00,10/04/2022 19:00,type_1,12100,6700000
A240329,E-1224,540eb0b7-f936-4874-adb7-2d0751257666,City_61,City_9,06/04/2022 23:59,10/04/2022 23:59,type_1,9720,6020000
A260612,M-1247,adb286cc-abfa-4c8a-8685-55076d863d8d,City_61,City_49,06/04/2022 23:59,07/04/2022 00:59,type_1,12544,4670000
A260896,X-5605,d549ffa3-f207-4726-9d4d-37c999a2c5e9,City_61,City_8,07/04/2022 23:59,09/04/2022 11:59,non_danger,12100,2568000
A250576,X-6770,9bc77934-6636-4cba-aae2-7d93db76437c,City_61,City_58,06/04/2022 23:59,10/04/2022 23:59,non_danger,12100,1690000
A240320,E-1430,a8a45514-8a54-40d6-92d7-cd543f643331,City_61,City_9,06/04/2022 23:59,10/04/2022 23:59,type_1,9720,5460000
A240321,E-1430,07442139-cdc4-466e-ac0e-ee04cefae07a,City_61,City_9,06/04/2022 23:59,10/04/2022 23:59,type_1,9720,5460000
A240322,E-1430,44d76d40-ff57-4db4-a74c-6371beca1b53,City_61,City_9,06/04/2022 23:59,10/04/2022 23:59,type_1,9720,5460000
A260592,E-1391,b1b18675-2c28-43b0-975f-6f50c7a6935d,City_61,City_28,07/04/2022 23:59,09/04/2022 11:59,type_1,9720,5420000
A210202,X-7073,47be2cad-cb0e-4615-a00d-2a4c2649d6f2,City_61,City_53,07/04/2022 23:59,13/04/2022 23:59,non_danger,12100,1711000
A210203,X-7073,71090430-ec78-4a6c-a051-22817a638b16,City_61,City_53,07/04/2022 23:59,13/04/2022 23:59,non_danger,12100,1711000
A210204,X-7073,73b443eb-da2a-4d2e-8767-8fc43915100c,City_61,City_53,07/04/2022 23:59,13/04/2022 23:59,non_danger,12100,1711000
A090380,A-0423,b08ea40b-0bcc-4040-a7cf-6b7f8266ef18,City_61,City_24,05/04/2022 23:59,07/04/2022 11:59,type_1,6375,2250000
A090381,A-0423,c3e41fb8-5671-4c81-a313-95aacae6fc4f,City_61,City_24,06/04/2022 23:59,08/04/2022 11:59,type_1,6375,2250000
A130097,A-0423,b48cd76c-8aeb-41a1-ab8d-783c6bdb25e9,City_61,City_24,05/04/2022 23:59,07/04/2022 11:59,type_1,6375,2250000
A130100,A-0423,2e18f253-25c7-401b-90ef-94e8c8781d85,City_61,City_24,07/04/2022 23:59,09/04/2022 11:59,type_1,6375,2250000
A210205,X-7073,0ac082eb-baa8-4bbb-92f5-97db5da2ed31,City_61,City_53,07/04/2022 23:59,13/04/2022 23:59,non_danger,12100,1711000
A240286,X-7176,09562bef-deab-4871-bf06-2080e64aab90,City_61,City_12,06/04/2022 23:59,09/04/2022 23:59,non_danger,12100,2056000
A210206,X-7073,56290665-4a12-47db-8d84-e43cf02fa286,City_61,City_53,07/04/2022 23:59,13/04/2022 23:59,non_danger,12100,1711000
A240418,X-7279,28726508-9678-4ba6-91ff-f02cf68addf6,City_61,City_53,07/04/2022 23:59,13/04/2022 23:59,non_danger,12100,2435000
A190596,X-6671,789dbc08-eb9d-413e-a599-ea563ffb3ae8,City_61,City_20,06/04/2022 23:59,08/04/2022 23:59,non_danger,12100,1774000
A240517,X-5603,4ba1e474-ebad-44ed-922f-8c2918ddd29e,City_61,City_10,05/04/2022 23:59,08/04/2022 11:59,non_danger,11016,1410000
A180390,X-3286,b0eca2ea-2986-4b9e-9881-235b7c01f826,City_61,City_44,05/04/2022 19:00,08/04/2022 19:00,non_danger,12100,630000
A260889,X-7271,9fedb932-1a59-497f-9116-96d745c0c526,City_61,City_23,07/04/2022 23:59,09/04/2022 23:59,non_danger,12100,2369000
A090386,A-0423,406ee928-992c-4649-8358-bc826e46cb7e,City_61,City_24,06/04/2022 23:59,08/04/2022 11:59,type_1,6375,2340000
A210368,A-0423,0f961be5-ec3c-4b5d-b4f9-0f01025d6bf0,City_61,City_24,07/04/2022 23:59,09/04/2022 11:59,type_1,6375,2340000
A090383,A-0423,ff9cd25d-cdf2-4bde-89a1-076d9228eda5,City_61,City_24,06/04/2022 23:59,08/04/2022 11:59,type_1,6375,2250000
A130098,A-0423,60b54424-56a1-4fa1-bced-cd6cda9922bd,City_61,City_24,05/04/2022 23:59,07/04/2022 11:59,type_1,6375,2250000
A130099,A-0423,8585953c-8d90-4f69-ba29-1e142a55b005,City_61,City_24,06/04/2022 23:59,08/04/2022 11:59,type_1,6375,2250000
A210366,A-0423,ed044210-90b6-466d-aa0c-967acad85728,City_61,City_24,07/04/2022 23:59,09/04/2022 11:59,type_1,6375,2250000
A240476,X-5589,520af51d-4f6e-43a2-8f72-8a42846a367e,City_61,City_59,05/04/2022 23:59,08/04/2022 23:59,non_danger,12100,2190000
A250130,X-7078,05696acb-6b4d-4e78-9250-e7355b138e49,City_61,City_12,07/04/2022 23:59,10/04/2022 23:59,non_danger,12100,2132000
A090296,X-6405,0806b2c0-637a-44d6-9b6d-30ba7fc16d5a,City_61,City_44,05/04/2022 23:59,08/04/2022 23:59,non_danger,11016,455000
A240287,X-7176,abfdfcaf-6e8d-4e67-8b44-4fb5a23910e1,City_61,City_12,06/04/2022 23:59,09/04/2022 23:59,non_danger,12100,2056000
A250596,X-6142,28fa674d-8978-4b69-8959-3168c611bc21,City_61,City_26,05/04/2022 23:59,08/04/2022 23:59,non_danger,12100,706000
A280214,X-7073,9206367f-b33b-44dd-bff5-5e3654ad78ca,City_61,City_53,07/04/2022 23:59,13/04/2022 23:59,non_danger,12100,1711000
A260598,X-5927,dc74072a-b5c1-4835-b7db-eff4af4ea986,City_61,City_28,07/04/2022 23:59,09/04/2022 11:59,non_danger,12100,1046000
A240348,X-5413,6c46c040-7023-403a-88c7-e8fb6bd2077b,City_61,City_9,06/04/2022 23:59,10/04/2022 23:59,non_danger,12100,1034000
A240349,X-5413,4b0d7d2c-f049-478f-a23c-590f6600a649,City_61,City_9,06/04/2022 23:59,10/04/2022 23:59,non_danger,12100,1034000
A240330,X-6746,df2c0300-162d-4458-a633-bc4b15b1ff4b,City_61,City_9,06/04/2022 23:59,10/04/2022 23:59,non_danger,12100,1015000
A240337,X-6746,f44529a9-f2c9-48b2-ad57-72a163e96eaa,City_61,City_9,06/04/2022 23:59,10/04/2022 23:59,non_danger,12100,1015000
A240346,X-6746,0fda1fa3-4e0b-4e9a-8515-282cd747a51d,City_61,City_9,06/04/2022 23:59,10/04/2022 23:59,non_danger,12100,1015000
A270227,X-5757,04e0ff4e-9ee0-4d24-97ff-76545e6917aa,City_61,City_22,07/04/2022 23:59,09/04/2022 11:59,non_danger,12100,489000
A160131,X-5969,b6fc452d-e3a8-47dd-8159-b9e6d71ff42f,City_61,City_44,07/04/2022 23:59,10/04/2022 23:59,non_danger,9900,1620000
